Environmental indicator,,,,,,,,,,
,,Emissions (GgCO2e),,,,,,,,
sector,year,Regulated,Unregulated,EU ETS Coverage,,,,,,
Electricity and Heat,2008,1370.732869,79.69815185,94.50520909,,,,,,
Electricity and Heat,2009,1256.566397,74.138585,94.42862347,,,,,,
Electricity and Heat,2010,1284.842381,80.23056099,94.1226173,,,,,,
Electricity and Heat,2011,1259.494403,82.30763068,93.86588866,,,,,,
Electricity and Heat,2012,1252.626912,85.58107758,93.60479998,,,,,,
Electricity and Heat,2013,1189.040603,76.94117855,93.92241028,,,,,,
Electricity and Heat,2014,1097.641086,80.48533939,93.16836142,,,,,,
Electricity and Heat,2015,1088.059614,84.75957875,92.77300548,,,,,,
Electricity and Heat,2016,1042.598648,89.71826154,92.07657673,,,,,,
Electricity and Heat,2017,1032.724072,90.11602554,91.97427793,,,,,,
Electricity and Heat,2018,960.725968,94.64371363,91.03217429,,,,,,
Electricity and Heat,2019,819.364606,109.6140959,88.20058031,,,,,,
Electricity and Heat,2020,693.649199,108.3776675,86.4870278,,,,,,
Manufacturing Industries and Construction,2008,542.110515,224.2658408,70.73685284,,,,,,
Manufacturing Industries and Construction,2009,431.425872,207.4511596,67.52878107,,,,,,
Manufacturing Industries and Construction,2010,463.104088,219.5645844,67.83731357,,,,,,
Manufacturing Industries and Construction,2011,457.725699,219.0367907,67.63461421,,,,,,
Manufacturing Industries and Construction,2012,435.714292,216.4260483,66.81296418,,,,,,
Manufacturing Industries and Construction,2013,529.336081,112.8813985,82.42318185,,,,,,
Manufacturing Industries and Construction,2014,531.519957,103.6224405,83.685164,,,,,,
Manufacturing Industries and Construction,2015,525.926318,103.1575116,83.60194512,,,,,,
Manufacturing Industries and Construction,2016,519.030282,108.5759043,82.69999458,,,,,,
Manufacturing Industries and Construction,2017,528.288607,106.6676499,83.20078765,,,,,,
Manufacturing Industries and Construction,2018,523.323113,115.0404442,81.97885157,,,,,,
Manufacturing Industries and Construction,2019,510.853096,110.6826254,82.19207334,,,,,,
Manufacturing Industries and Construction,2020,476.582557,121.2884706,79.71327175,,,,,,
Petroleum and Coke,2008,155.122575,40.09290045,79.46223251,,,,,,
Petroleum and Coke,2009,143.47628,33.85940191,80.90660518,,,,,,
Petroleum and Coke,2010,141.537193,45.18540806,75.80078266,,,,,,
Petroleum and Coke,2011,141.271495,38.64043716,78.5225823,,,,,,
Petroleum and Coke,2012,134.643529,42.53956781,75.99118168,,,,,,
Petroleum and Coke,2013,140.427985,31.68465423,81.59074524,,,,,,
Petroleum and Coke,2014,136.825363,30.11041173,81.96287657,,,,,,
Petroleum and Coke,2015,139.971248,38.74322301,78.32116068,,,,,,
Petroleum and Coke,2016,139.716401,34.21963537,80.3263107,,,,,,
Petroleum and Coke,2017,138.643792,41.36130279,77.02214882,,,,,,
Petroleum and Coke,2018,136.338831,44.38379823,75.44092933,,,,,,
Petroleum and Coke,2019,134.531147,43.38156966,75.616375,,,,,,
Petroleum and Coke,2020,123.310343,37.47335522,76.6933118,,,,,,
Economic indicator,,,,,,,,,,
,,Employment (thousand PPL),,,Operating Revenue (billion €),,,Tangible Assets (billion €),,
sector,year,Regulated,Unregulated,EU ETS Coverage,Regulated,Unregulated,EU ETS Coverage,Regulated,Unregulated,EU ETS Coverage
Basic Metals,2013,248.00,1348.67,18.39,144.17,475.68,30.31,41.82,161.88,25.84
Basic Metals,2014,257.30,1320.27,19.49,162.65,498.30,32.64,48.12,167.82,28.67
Basic Metals,2015,325.61,1398.83,23.28,169.52,494.13,34.31,44.60,166.44,26.80
Basic Metals,2016,271.18,1401.68,19.35,141.95,471.35,30.11,47.59,172.69,27.56
Basic Metals,2017,422.84,1546.16,27.35,220.77,555.02,39.78,49.87,170.82,29.19
Basic Metals,2018,452.25,1596.74,28.32,241.36,598.06,40.36,54.07,172.62,31.32
Basic Metals,2019,460.08,1522.50,30.22,215.45,577.29,37.32,47.53,178.88,26.57
Basic Metals,2020,438.54,1482.48,29.58,184.57,496.64,37.16,48.31,166.06,29.10
Basic Metals,2021,408.63,1465.52,27.88,291.42,690.47,42.21,54.14,172.18,31.45
Basic Metals,2022,386.20,1423.77,27.12,344.81,812.30,42.45,55.83,177.52,31.45
Chemicals,2013,474.40,1209.06,39.24,344.68,616.78,55.88,86.82,159.40,54.47
Chemicals,2014,463.72,1237.40,37.48,340.56,633.48,53.76,96.06,175.40,54.77
Chemicals,2015,492.46,1286.93,38.27,340.43,672.38,50.63,102.71,199.74,51.42
Chemicals,2016,508.27,1373.14,37.01,313.40,659.22,47.54,109.63,215.13,50.96
Chemicals,2017,634.65,1442.12,44.01,410.39,715.58,57.35,135.52,224.64,60.33
Chemicals,2018,680.94,1595.61,42.68,441.20,782.68,56.37,128.41,257.37,49.89
Chemicals,2019,677.84,1639.20,41.35,422.61,783.30,53.95,137.31,284.01,48.35
Chemicals,2020,653.05,1639.61,39.83,394.18,734.69,53.65,132.36,292.27,45.29
Chemicals,2021,626.71,1638.89,38.24,485.61,921.45,52.70,133.43,316.69,42.13
Chemicals,2022,605.69,1520.57,39.83,562.64,1053.37,53.41,137.33,321.76,42.68
Electricity and Heat,2013,314.04,1942.03,16.17,279.09,2090.82,13.35,296.71,1605.29,18.48
Electricity and Heat,2014,329.75,1881.56,17.53,267.29,2036.76,13.12,285.11,1650.97,17.27
Electricity and Heat,2015,331.24,1869.30,17.72,273.25,1980.15,13.80,299.04,1716.00,17.43
Electricity and Heat,2016,327.46,1869.73,17.51,247.58,1814.40,13.65,267.32,1701.48,15.71
Electricity and Heat,2017,314.96,1920.92,16.40,259.97,1943.19,13.38,268.99,1751.49,15.36
Electricity and Heat,2018,371.26,1981.10,18.74,309.37,2022.50,15.30,298.00,1852.52,16.09
Electricity and Heat,2019,386.11,2029.58,19.02,313.93,2039.51,15.39,310.91,1928.95,16.12
Electricity and Heat,2020,381.26,2016.59,18.91,291.47,1835.22,15.88,308.15,1979.13,15.57
Electricity and Heat,2021,345.56,2066.23,16.72,380.45,2683.33,14.18,282.07,2131.44,13.23
Electricity and Heat,2022,331.11,1952.42,16.96,617.25,4321.31,14.28,296.26,2206.93,13.42
Non-metallic Minerals,2013,323.11,948.63,34.06,80.14,231.75,34.58,47.61,107.12,44.45
Non-metallic Minerals,2014,320.44,937.14,34.19,86.21,241.83,35.65,48.61,110.34,44.05
Non-metallic Minerals,2015,324.80,973.41,33.37,89.46,248.90,35.94,51.99,113.25,45.91
Non-metallic Minerals,2016,360.18,1019.63,35.32,96.59,249.90,38.65,56.45,117.03,48.24
Non-metallic Minerals,2017,393.31,942.50,41.73,106.67,232.07,45.96,57.55,120.90,47.61
Non-metallic Minerals,2018,417.32,1180.72,35.34,110.94,288.45,38.46,61.62,127.44,48.36
Non-metallic Minerals,2019,430.59,1181.78,36.44,118.15,301.36,39.20,67.85,137.47,49.35
Non-metallic Minerals,2020,405.97,1151.95,35.24,108.00,274.81,39.30,65.00,132.81,48.94
Non-metallic Minerals,2021,363.15,1145.88,31.69,120.17,323.75,37.12,65.07,141.13,46.11
Non-metallic Minerals,2022,341.41,1077.36,31.69,137.30,367.68,37.34,65.77,144.42,45.54
Petroleum and Coke,2013,151.85,208.15,72.95,429.10,721.19,59.50,74.63,165.14,45.20
Petroleum and Coke,2014,167.18,212.68,78.60,425.29,723.23,58.80,79.15,178.49,44.34
Petroleum and Coke,2015,80.81,188.21,42.93,331.57,544.27,60.92,78.54,186.99,42.01
Petroleum and Coke,2016,174.78,202.03,86.51,284.07,463.98,61.23,80.71,191.47,42.15
Petroleum and Coke,2017,189.54,211.49,89.62,345.28,542.72,63.62,87.13,178.15,48.91
Petroleum and Coke,2018,,,,418.08,638.56,65.47,98.81,190.39,51.90
Petroleum and Coke,2019,,,,432.05,653.08,66.16,111.32,204.16,54.53
Petroleum and Coke,2020,,,,289.68,415.07,69.79,129.13,176.73,73.07
Petroleum and Coke,2021,,,,383.73,536.13,71.57,130.69,183.65,71.17
Petroleum and Coke,2022,,,,633.99,849.81,74.60,,,
Pulp and Paper,2013,198.58,580.71,34.20,100.26,209.94,47.76,45.56,79.42,57.37
Pulp and Paper,2014,203.32,620.38,32.77,102.02,220.01,46.37,49.09,85.34,57.53
Pulp and Paper,2015,203.12,635.11,31.98,103.01,228.13,45.15,50.42,87.50,57.62
Pulp and Paper,2016,204.85,625.87,32.73,102.88,227.58,45.21,52.61,90.28,58.27
Pulp and Paper,2017,218.10,676.21,32.25,111.85,239.34,46.73,53.19,88.71,59.96
Pulp and Paper,2018,230.67,691.74,33.35,120.85,246.10,49.11,55.00,92.93,59.18
Pulp and Paper,2019,237.56,738.05,32.19,119.13,247.69,48.10,66.81,113.37,58.93
Pulp and Paper,2020,233.86,739.71,31.62,105.61,234.99,44.94,63.48,113.88,55.74
Pulp and Paper,2021,220.55,740.81,29.77,119.11,267.63,44.51,66.77,118.46,56.36
Pulp and Paper,2022,202.87,708.62,28.63,145.82,334.41,43.61,71.15,124.06,57.35
